name,city,neighborhood,phone,whatsapp,email,instagram,website,google_rating,size_hint,segment,uses_video_already,source_url,notes
Les Tailleurs de l'Immobilier,Marrakech,Guéliz (60 rue Sourya),+212 6 02 52 54 90,+212 6 02 52 54 90,contact@lestailleursdelimmobilier.com,,https://lestailleursdelimmobilier.com/,4.9 (143 avis),"moyenne (agence établie, 143 avis Google)","Achat, vente, location + conciergerie",inconnu,https://www.google.com/maps/place/?q=place_id:ChIJ2bkzozDhEoMR8gu5x7OD0LY,TikTok @lestailleursdeimmobiler lié depuis le site. Le lien Instagram du site (@tailleursdelimmobilier) renvoie vers un compte introuvable et le lien YouTube vers une chaîne inexistante (vérifié le 03/10/2026) : bon angle d'approche.
LE 25 Immobilier,Marrakech,Victor Hugo (55 rue Oued Kbir),+212 7 01 25 08 81,,contact@le-25.com,https://www.instagram.com/le25immo/,https://le-25.com/,4.8 (198 avis),"moyenne (198 avis, la plus notée de l'échantillon)","Appartements et studios Guéliz/centre, vente et location (milieu à haut de gamme)",oui,https://www.google.com/maps/place/?q=place_id:ChIJEyuIl3Ttrw0RklxvqsE16z8,"Instagram vérifié : 2 346 abonnés, 11 des 12 derniers posts sont des Reels, dernier le 28/08/2026. Site lu via Firecrawl (protection anti-bot)."
L'Immobilier Sans Frontières,Marrakech,Targa (Prestige Targa),+212 6 61 98 94 93,+212 6 61 98 94 93,contact@limmobiliersansfrontieres.com,https://www.instagram.com/limmobiliersansfrontieres/,https://limmobiliersansfrontieres.com/,4.8 (168 avis),moyenne à grande (168 avis),"Vente/location villas et appartements, gestion",oui,https://www.google.com/maps/place/?q=place_id:ChIJVXYdSgvrrw0RXUPrUxIwntk,"Chaîne YouTube d'environ 1 100 vidéos, 3,63 k abonnés, dernière il y a environ 10 mois ; TikTok @immobiliersansfrontieres. Gros producteur de vidéos : argument = gagner du temps de tournage."
Promo Immo Marrakech,Marrakech,"Guéliz (Bd Mohamed Zerktouni, Imm. 35/36)",+212 6 88 88 85 35,+212 6 61 82 53 59,contact@promoimmomarrakech.com,https://www.instagram.com/promoimmomarrakech/,https://www.promoimmomarrakech.com/,4.6 (143 avis),moyenne (143 avis),Généraliste vente/location + annonces en ligne,inconnu,https://www.google.com/maps/place/?q=place_id:ChIJfRZLzJHurw0RUgEdW60vGzk,Second compte Instagram lié depuis le site : @marrakech_immobilier.
Guy Hoquet Marrakech,Marrakech,"Marrakech Plaza, place du 16 Novembre (Guéliz)",+212 5 24 44 64 23,,marrakech@guyhoquet.com,,https://maroc-marrakech.guy-hoquet.com/,4.6 (143 avis),"réseau (franchise Guy Hoquet), agence locale établie",Généraliste vente/location/estimation,inconnu,https://www.google.com/maps/place/?q=place_id:ChIJMQigRInurw0RqB7jLe2x8wY,Franchise : la décision marketing peut dépendre du réseau.
Palais Rouge Immobilier,Marrakech,Bd Abdelkrim Al Khattabi,+212 6 61 34 06 59,+212 6 44 38 40 20,palaisrouge@gmail.com,https://www.instagram.com/palaisrougeimmo/,,4.9 (110 avis),moyenne (110 avis),Vente/location résidentielle,oui,https://www.google.com/maps/place/?q=place_id:ChIJQVB001Hvrw0RGUwdt5Jig74,E-mail et WhatsApp publiés par l'agence dans sa bio et ses posts Instagram. Publie des Reels. Site palais-rouge.com indiqué sur Google mais vide (page « Index of / ») au 03/10/2026.
Vaneau Maroc,Marrakech,Guéliz (angle rue Loubnane / rue Hassania),+212 6 64 90 53 73,+212 6 64 90 53 73,maroc@vaneau.fr,https://www.instagram.com/vaneau.maroc/,https://www.vaneau-maroc.com/fr,4.7 (91 avis),"réseau (groupe Vaneau, prestige parisien)",Luxe et prestige,inconnu,https://www.google.com/maps/place/?q=place_id:ChIJw1kJvV_vrw0Ro1cc5JrMFOk,"Autre contact publié, nominatif : robinson.choual@vaneau.fr."
Luxurious Properties,Marrakech,Guéliz (rue du Sergent Levet),+212 6 52 38 38 00,+212 6 52 38 38 00,contact@luxuriouspropertiesmarrakech.com,https://www.instagram.com/luxuriouspropertiesmarrakech/,https://www.luxuriouspropertiesmarrakech.com/,4.9 (85 avis),petite à moyenne (85 avis),"Prestige : villas, riads, appartements, investissement",oui,https://www.google.com/maps/place/?q=place_id:ChIJQyYWbRguQSYRCL2K-tSezNo,"YouTube : 36 vidéos, dernière il y a environ 1 an ; TikTok @luxuriousproperties.kech. Le site affiche aussi contact@luxuriouspropertiesmarrakec.com (faute de frappe probable) et contact@luxuriousproperties.ma."
Prestige Gallery Immo,Marrakech,"Agdal (galerie Prestigia, Bd Mohamed VI)",+212 5 24 38 39 32,+212 6 61 70 80 41,contact@prestigeimmo.ma,https://www.instagram.com/nabil_prestigeimmo.ma/,https://www.prestigeimmo.ma/fr/,4.7 (83 avis),petite à moyenne (83 avis),Agence de luxe,inconnu,https://www.google.com/maps/place/?q=place_id:ChIJ8Z_Yr5nvrw0RYmCufiSS63c,Le compte Instagram lié depuis le site semble être celui du dirigeant (Nabil).
Le Meurice Immobilier,Marrakech,"Guéliz (centre d'affaires Al Majid, av. Mohammed V)",+212 6 61 08 20 71,,,https://www.instagram.com/lemeuriceimmobilier/,https://www.lemeurice.estate/,4.9 (68 avis),petite à moyenne (68 avis),Commercialisation de programmes neufs + vente/location,inconnu,https://www.google.com/maps/place/?q=place_id:ChIJkUdj4wDvrw0RUHa6xqJk8uQ,Domaine lemeurice.estate injoignable (erreur DNS) le 03/10/2026 : passer par le téléphone ou Instagram. Les programmes neufs ont un fort besoin de visuels.
Lyz Marrakech Immobilier,Marrakech,Socoma,+212 6 63 50 65 68,,,https://www.instagram.com/lyzmarrakechservices/,https://www.lyz-marrakech-immobilier.com/,4.7 (63 avis),petite à moyenne,"Luxe : vente et location appartements, villas, maisons",oui,https://www.google.com/maps/place/?q=place_id:ChIJxYseFeHvrw0Rp19CLD67bn8,"YouTube : 182 vidéos, 1,25 k abonnés, dernière il y a environ 3 mois. Second numéro sur le site : +212 7 01 07 97 40. Contenus datés de 2026 sur le site."
Santa Monica Agency,Marrakech,,+212 6 51 58 28 28,,,https://www.instagram.com/santamonicaagency/,,4.5 (57 avis),"moyenne (36,7 k abonnés Instagram selon l'aperçu Google)","Immobilier (off-market, villas sur plan) + location de voitures",oui,https://www.google.com/maps/place/?q=place_id:ChIJF0EvR_i2sw0RuwmBHjk-f38,"Fiche Google sans adresse (zone de service). santamonicaagency.com n'est qu'un domaine court, sans site. TikTok @santamonicaagency avec vidéos de projets."
MLuxury,Marrakech,Guéliz (171 bis rue Mohamed El Beqal),+212 6 73 75 73 84,,mluxuryma@gmail.com,https://www.instagram.com/mluxurymarrakech/,https://mluxury.ma/,4.4 (56 avis),petite (plus de 12 ans d'expérience revendiqués),Luxe,oui,https://www.google.com/maps/place/?q=place_id:ChIJrbZ67ZHurw0RxKYiWthutfI,Vidéos publiées sur la page Facebook M Luxury Marrakech. E-mail affiché sur mluxury.ma (vu dans l'extrait du moteur de recherche).
FOCH Real Estate,Marrakech,"Guéliz (centre d'affaires Zenith, 2 rue Ibn Aïcha)",+212 6 10 10 29 24,+212 6 10 10 29 24,contact@fochmarrakech.com,https://www.instagram.com/fochmarrakech/,https://fochmarrakech.com/,4.6 (55 avis),petite à moyenne,"Prestige, estimation, investissement",oui,https://www.google.com/maps/place/?q=place_id:ChIJ70yy7Gnvrw0RHxk37Z1mzhs,"Vidéo intégrée au site ; YouTube : 9 vidéos, 10,1 k abonnés, dernière il y a environ 1 an ; TikTok @foch_marrakech. Autre e-mail : direction@fochmarrakech.com."
Ryad Plus Immo,Marrakech,"Guéliz (résidence Hamdane, av. Hassan II)",+212 6 38 62 80 38,+212 6 38 62 80 38,,https://www.instagram.com/ryadplus/,https://www.ryadplus.com/,4.8 (55 avis),petite à moyenne (plus de 20 ans d'expérience revendiqués),"Luxe : villas, riads, appartements (Guéliz, Hivernage, Palmeraie, Targa) + rénovation",inconnu,https://www.google.com/maps/place/?q=place_id:ChIJY0hQn0Purw0RseMgY_-IITE,Profil Instagram restreint (non analysable). Le site met en avant une vingtaine de biens.
Kensington Luxury Properties Morocco (affilié Christie's International Real Estate),Marrakech,Rue Ksar El Kebir ; bureau Christie's à l'Hivernage,+212 5 24 42 22 29,,marrakech@kensington.ma,https://www.instagram.com/kensington.morocco/,http://www.kensingtonmorocco.com/,4.4 (41 avis),grande (réseau ; environ 10 conseillers listés sur christiesrealestatemorocco.com),Luxe,oui,https://www.google.com/maps/place/?q=place_id:ChIJHXkzZYjurw0RWZaRtPOpqjg,"Même téléphone que la fiche « Christie's Real Estate Morocco » (Hivernage) : une seule cible. YouTube : 150 vidéos mais dernière il y a environ 8 ans, donc besoin probable de vidéos récentes."
Immobilier Marrakech Connexion,Marrakech,91 rue du Draa (40010),+212 6 61 44 81 07,,contact@marrakech-connexion.com,https://www.instagram.com/marrakechconnexion/,http://www.marrakech-connexion.com/,4.0 (41 avis),petite (3 conseillers nommés sur le site),Généraliste vente/location (Mc Groupe),inconnu,https://www.google.com/maps/place/?q=place_id:ChIJV0vNqJDurw0RFOLmsE1dyM4,
Immobilier Mauresque,Marrakech,4 bis rue Fatima Ezzahra,+212 6 60 00 66 66,,mauresqueimmobilier2014@gmail.com,,http://www.mauresque-immobilier.com/,4.9 (40 avis),petite,"Investissement immobilier, vente",inconnu,https://www.google.com/maps/place/?q=place_id:ChIJC6Aid3bvrw0Rt8X5GqRFi5Q,Contenus datés de 2026 sur le site.
Holding Immo,Marrakech,"Guéliz (Imm. Jakar, 55 Bd Mohamed V)",+212 6 62 31 17 87,,contact@holdingimmo.com,https://www.instagram.com/holdingimmo/,https://holdingimmo.com/,5.0 (38 avis),petite,"Villas, riads et appartements de luxe (Palmeraie, Amelkis, Guéliz, Hivernage)",inconnu,https://www.google.com/maps/place/?q=place_id:ChIJjWQVKRDIRoMRvlB78y4UIcI,Fixe affiché sur le site : +212 5 24 43 96 96.
KNA Immobilier,Marrakech,"Hivernage (résidence Hivernage Garden, rue Camille Cabana)",+212 6 94 20 06 00,+212 6 94 20 06 00,hind@kna.ma ; karim@kna.ma ; nadia@kna.ma,https://www.instagram.com/kna.immobilier.marrakech/,https://www.agencekna.com/,4.8 (37 avis),petite (3 contacts nommés),Vente et location de biens de luxe,oui,https://www.google.com/maps/place/?q=place_id:ChIJwUi7c-3urw0R0akQ0fQQsdY,"YouTube : 58 vidéos, dernière il y a environ 10 mois ; vidéo intégrée au site. Le site ne publie que des e-mails nominatifs. Même adresse et même numéro que MPV (location de villas de luxe), structure liée."
LA Agency (LA Maroc Agency),Marrakech,"Guéliz (centre d'affaires Ibn Nafisa, rue Ibn Aïcha)",+212 6 62 63 47 26,+212 6 62 63 47 26,,https://www.instagram.com/la.agency.capital/,https://www.la-marocagency.com/,4.9 (31 avis),petite,"Villas, appartements, investissement",oui,https://www.google.com/maps/place/?q=place_id:ChIJ31trRNvvrw0RxtEm-DRs6VM,"Chaîne YouTube liée au fondateur (@adamlahsani) : 74 vidéos, dernière il y a environ 1 mois ; TikTok @adam_lahsani."
Le Comptoir de l'Immobilier,Marrakech,"Guéliz (Imm. Dany, rue de la Liberté)",+212 5 24 43 32 17,+212 6 61 64 19 86,contact@lcimaroc.com,,https://lecomptoirdelimmobilier.com/,4.4 (30 avis),petite,Généraliste vente/location,oui,https://www.google.com/maps/place/?q=place_id:ChIJ5ZdmIorurw0RBG7xBszIjzE,Au moins une vidéo YouTube intégrée au site (détection automatique sur la page rendue).
BARNES Marrakech,Marrakech,Guéliz (234 av. Mohammed V),+212 6 69 29 02 90,+212 6 69 29 02 90,contact@barnes-marrakech.com,https://www.instagram.com/barnes_marrakech/,https://www.barnes-marrakech.com/,4.5 (nombre d'avis non fourni),grande (réseau international),Prestige,oui,https://www.google.com/maps/place/?q=place_id:ChIJuUahPlvvrw0RiMA9qu4QU94,"YouTube : 474 vidéos, dernière il y a 4 jours, déjà très équipée. Même adresse et même WhatsApp qu'« Immobilier International » (immo-maroc.com, contact@immo-maroc.com, +212 5 24 43 32 00, 4,0 sur 26 avis, « 9 consultants ») : probablement la même structure, ne contacter qu'une fois."
Villa Premium,Marrakech,Camp Mangin (résidence Farah),+33 6 19 07 84 48,+212 6 59 59 33 49,contact@villapremium.fr,,https://www.villapremium.fr/,4.8 (23 avis),petite,Vente et location de villas de luxe (dont événementiel),oui,https://www.google.com/maps/place/?q=place_id:ChIJTSJ-f5Lvrw0R7aAzRRX4P74,Vidéo mp4 intégrée au site.
Adopteunbien,Marrakech,Guéliz (223 av. Mohammed V),+212 7 01 23 21 04,+212 7 01 23 21 04,contact@adopteunbienmaroc.com,https://www.instagram.com/adopteunbien_immo/,http://www.adopteunbienmaroc.com/,4.6 (22 avis),petite,Prestige,oui,https://www.google.com/maps/place/?q=place_id:ChIJOTQWTervrw0R_kVIQwpdti4,Vidéo YouTube intégrée au site ; TikTok @adopteunbien.
Marrakech Global Invest,Marrakech,Hivernage (Imm. Adrar 2),+212 6 03 87 08 58,+212 6 03 87 08 58,contact@marrakech-globalinvest.com,https://www.instagram.com/marrakech.globalinvest/,https://www.marrakech-globalinvest.com/,5.0 (21 avis),petite,"Vente/location, investissement",oui,https://www.google.com/maps/place/?q=place_id:ChIJC6qCDW3vrw0R6eOcxYQ5gKk,"YouTube : 72 vidéos mais dernière il y a environ 3 ans, production arrêtée. Second WhatsApp : +212 6 80 20 23 30."
FJ Morocco Agency,Marrakech,"Guéliz (centre d'affaires Al Majid, 24 av. Mohammed V)",+212 6 66 62 39 18,,,https://www.instagram.com/fjmoroccoagency_/,https://www.fjmoroccoagency.com/fr/,4.7 (15 avis),petite,Vente/location résidentielle,oui,https://www.google.com/maps/place/?q=place_id:ChIJj8eA4APvrw0Rc3nEWl7zqs8,YouTube : 8 vidéos dont une publiée il y a 21 h (le 03/10/2026). L'agence vient de se lancer en vidéo : cible chaude.
BKS Immobilier,Marrakech,"Guéliz (centre d'affaires Elite, 212 av. Mohammed V)",+212 6 63 56 37 47,+212 6 63 56 37 47,contact@bks-immobilier.com,https://www.instagram.com/bksimmobilier/,https://bks-immobilier.com/,3.9 (11 avis),petite (depuis 2008),"Généraliste : appartements, villas, riads, commerces, location de vacances",oui,https://www.google.com/maps/place/?q=place_id:ChIJx5bdSvjvrw0Rqz8BXnFeeFg,"YouTube : 15 vidéos, dernière il y a environ 5 ans. Annonces mises en ligne en octobre 2026 (images datées 2026/10), donc très active. Site lu via Firecrawl."
ZK Agency,Marrakech,"Guéliz (centre d'affaires Eden Parc, 5 rue Sourya)",+212 6 70 23 94 94,,,https://www.instagram.com/zk_agency__immo_marrakech/,https://zkagencyfirst.com/,4.9 (11 avis),petite,Immobilier d'exception,inconnu,https://www.google.com/maps/place/?q=place_id:ChIJjxAOfXPvrw0RgBOgfBMZqOo,TikTok @zkagency.immo lié depuis le site ; le site mentionne une visite virtuelle.
Marrakech Luxury Properties,Marrakech,"Guéliz (City Bureaux, 60 av. Mohammed V)",+212 6 61 94 99 11,+212 6 61 94 99 11,immobilierprestigemarrakech@gmail.com,https://www.instagram.com/marrakech.luxury.properties/,http://www.marrakech-luxury-properties.com/,4.4 (8 avis),petite à moyenne (5 à 6 conseillers listés),Luxe,oui,https://www.google.com/maps/place/?q=place_id:ChIJhRTnspDurw0RzGu3ty7QZtI,Vidéo YouTube intégrée au site. Les autres e-mails publiés sont des Gmail nominatifs de conseillers.
Real Dream House,Marrakech,,,+212 7 73 36 31 74,info@real-dreamhouse.com,https://www.instagram.com/real.dreamhouse/,https://real-dreamhouse.com/,,petite à moyenne (25 ans d'expérience revendiqués),"Achat, vente, location de villas, riads, maisons",oui,https://real-dreamhouse.com/en/,"YouTube : 139 vidéos, dernière il y a environ 1 mois ; TikTok @realdreamhouse1. Trouvée par recherche web, absente de l'extraction Maps."
Chic Marrakech,Marrakech,,,,info@chic-marrakech.com,,https://www.chic-marrakech.com/,,inconnue,Riads de médina et villas de luxe ; agence anglophone (Marrakech et Essaouira),inconnu,https://www.chic-marrakech.com/,Trouvée par recherche web. Clientèle internationale anglophone.
Luxury Estate Marrakech,Marrakech,,,+212 6 61 15 71 52,luxuryestatemarrakech@gmail.com,,https://luxuryestatemarrakech.com/,,inconnue,"Luxe : villas, riads, appartements (Amelkis, Argana Golf, Guéliz, Hivernage, médina)",inconnu,https://luxuryestatemarrakech.com/en/,Trouvée par recherche web. Contenus datés de 2026 sur le site.
Luxe & Prestige Real Estate by Daphné,Marrakech,Guéliz (34 rue Hassania),+212 6 52 30 97 01,+212 6 52 30 97 01,contact@luxe-prestige-marrakech.com,https://www.instagram.com/luxe_prestige_marrakech/,https://www.luxe-prestige-marrakech.com/,5.0 (7 avis),petite,"Courtage privé de villas, riads et domaines d'exception + location courte et longue durée",oui,https://www.google.com/maps/place/?q=place_id:ChIJxSooHIzvrw0Ri4ICfp3pT4k,Vidéo mp4 intégrée au site.
Van Acker Immobilier,Marrakech,Palmeraie (circuit de la Palmeraie),+212 7 77 30 72 17,,michael@vanackerimmobilier.com,,https://www.vanackerimmobilier.com/,5.0 (nombre d'avis non fourni),petite,Vente et location de villas en Palmeraie,oui,https://www.google.com/maps/place/?q=place_id:ChIJH-hjKaTtrw0RV0s6NY6cDg4,"Fichier vidéo mp4 sur le site. Seul e-mail publié, nominatif. Contenus datés de 2026."
Valeurs Sûres Agadir,Agadir,Centre-ville (av. des FAR),+212 5 28 84 08 49,,contact@valeurssuresagadir.net,https://www.instagram.com/valeurs_sures_agadir/,https://valeurssuresagadir.net/,4.3 (115 avis),moyenne (115 avis ; « plus de 1 000 annonces » revendiquées),"Généraliste achat/vente/location/gestion (appartements, villas, commerces)",non,https://www.google.com/maps/place/?q=place_id:ChIJabtZSGC2sw0RU5qLhJL-1DY,"Instagram vérifié : 110 abonnés, aucun post depuis février 2019, aucune vidéo. Annonces récentes sur le site. Cible prioritaire : gros stock, aucune vidéo."
Jibril Immo,Agadir,Av. Général Kettani (Imm. Sud Bahia),+212 6 99 54 61 87,+212 7 07 77 13 68,contact@jibril.immo,,https://www.jibril.immo/,4.4 (103 avis),moyenne (103 avis),"Généraliste vente/location (appartements, bureaux), estimation",inconnu,https://www.google.com/maps/place/?q=place_id:ChIJB245su22sw0RXM_tZhk8Aog,Le lien Instagram du site (@agadir.jibrilimmo) renvoie vers un compte introuvable (vérifié le 03/10/2026). Facebook : facebook.com/Agadir.jibrilimmo.
Agadir Immo Plus,Agadir,Talborjt (n°10 Nait Taleb),+212 6 61 21 52 56,,,,http://www.agadirimmoplus.com/,4.4 (76 avis),petite à moyenne (76 avis),"Vente, location, location saisonnière",inconnu,https://www.google.com/maps/place/?q=place_id:ChIJI3TSr_W2sw0RC7rUEXP_o-k,Site protégé par une vérification anti-bot ; autre domaine trouvé : agadirimmobilierplus.com. Annonces visibles sur Avito.
Bien Chez Vous Immobilier,Agadir,"Av. des FAR (El Menzah 3, magasin 22)",+212 6 73 16 52 31,,bienchezvous.immobilier@gmail.com,https://www.instagram.com/bienchezvous_/,https://www.bienchezvousimmobilier.com/,4.4 (69 avis),petite à moyenne,"Généraliste : appartements, villas, riads, terrains (vente et location)",inconnu,https://www.google.com/maps/place/?q=place_id:ChIJYSFfBme2sw0Rai3uZYJkngc,Autre numéro publié sur leur page Facebook : 0670 06 70 40.
La Sélection d'Artur,Agadir,"Borj Dlalates (Imm. F, 4e étage)",+212 7 76 20 54 55,+212 7 76 20 54 55,contact@laselectiondartur.ma,https://www.instagram.com/laselectiondartur/,https://laselectiondartur.ma/,4.5 (67 avis),petite à moyenne (3 441 abonnés Instagram),"Vente, location, services",oui,https://www.google.com/maps/place/?q=place_id:ChIJtcrecW63sw0RHcmXrtdZsj4,"Instagram vérifié : presque uniquement des Reels, dernier le 04/04/2026."
Couximmo,Agadir,,+212 6 74 60 20 18,,info@immobilieragadir.com,https://www.instagram.com/couximmoagadir/,http://www.immobilieragadir.com/,4.1 (60 avis),petite à moyenne,"Achat, vente, location",oui,https://www.google.com/maps/place/?q=place_id:ChIJ3_O_hgC3sw0RJKZxvnVCgKo,"YouTube : 40 vidéos, dernière il y a environ 11 mois."
Locaga (conciergerie et agence immobilière),Agadir,Agadir Bay (Technopole 2),+212 6 96 55 14 74,+212 6 96 55 14 74,contact@locaga.com,https://www.instagram.com/conciergerie.locaga/,https://locaga.com/,5.0 (51 avis),petite à moyenne,"Conciergerie Airbnb + agence (gestion locative, vente)",oui,https://www.google.com/maps/place/?q=place_id:ChIJs7ITcYAUZ4ARyQWy5yUWSE8,"YouTube : 162 vidéos, dernière il y a environ 1 an ; TikTok @conciergerie.locaga."
Imane Agency,Agadir,Imm. 130 (secteur Founty d'après la position Google Maps),+212 5 28 28 00 09,,,https://www.instagram.com/imaneagency/,,4.9 (44 avis),"moyenne (4 432 abonnés Facebook, présente sur des salons à l'étranger)","Commercialisation de programmes neufs haut de gamme (ex. AGAPARK), vente",oui,https://www.google.com/maps/place/?q=place_id:ChIJ89ebYDG3sw0RFMoiIyDFzqE,Reels Instagram de projets ; présente avec Meemaar au salon Sakan Expo Montpellier (mai 2026). LinkedIn : ma.linkedin.com/company/imaneagency.
Konouz Immobilier,Agadir,"Av. Hassan II (Imm. Comim, bureau 111)",+212 6 61 21 49 62,,konouzimmobilier.contact@gmail.com,https://www.instagram.com/groupe_konouz_immobilier/,https://www.konouzimmobilier.com/,4.1 (41 avis),petite à moyenne (également un bureau à Paris),Vente/location,inconnu,https://www.google.com/maps/place/?q=place_id:ChIJL2Ohz7i3sw0RykTGv6tIbSs,Contact Paris publié : paris@konouzimmobilier.fr. Fixe Agadir sur le site : +212 5 28 84 83 51.
Loger Immo Agadir,Agadir,Av. Hassan II (Imm. Oumlil),+212 5 28 84 38 53,+212 6 62 23 48 48,logerimmoagadir@gmail.com,,http://www.logerimmoagadir.com/,4.1 (38 avis),petite,"Locations de vacances, longue durée, vente",inconnu,https://www.google.com/maps/place/?q=place_id:ChIJZ8Dv4_C2sw0ROYCBEyE5z_c,
Azilis Immobilier,Agadir,"Av. Hassan II (Imm. Onyx), ville nouvelle",+212 6 68 55 84 36,+212 6 68 55 84 36,contact@azilis-immobilier.com,https://www.instagram.com/azilis.immobilier.agadir/,https://agence-immobiliere-agadir.com/,5.0 (32 avis),petite,"Vente/location, estimation, conciergerie",inconnu,https://www.google.com/maps/place/?q=place_id:ChIJP0HPV963sw0R3FiVJci99-4,Second WhatsApp : +212 6 25 34 02 85 ; second compte Instagram lié : @azilisimmobilieragadir.
Happy Bay Immo,Agadir,,+212 5 25 35 24 84,,happybayimmo@gmail.com,,http://www.happybayimmo.com/,4.8 (21 avis),petite,"Généraliste, dont biens haut de gamme (Founty, Cité Suisse)",inconnu,https://www.google.com/maps/place/?q=place_id:ChIJi48UbwC3sw0RUEUIyPJdq2E,"Annonces récentes sur MarocImmo (juillet 2026), dont un duplex de luxe à Founty : https://www.marocimmo.com/fr/agences/happy-bay-immo"
ImmoStanding,Agadir,Les Jardins Kettani,+212 6 61 11 43 82,+212 6 54 50 92 09,,,,5.0 (21 avis),petite,Haut standing (vente/location),inconnu,https://www.google.com/maps/place/?q=place_id:ChIJpbASCgm3sw0RLppsVIMsF7Q,Le lien WhatsApp fait office de « site web » sur la fiche Google.
Les Dunes du Monde,Agadir,Rue de l'Entraide,+212 6 73 29 72 36,+33 6 63 05 98 51,immo.lesdunes@gmail.com,https://www.instagram.com/lesdunesimmobilier/,http://www.les-dunes-immo.com/,4.8 (19 avis),petite,Vente/location,oui,https://www.google.com/maps/place/?q=place_id:ChIJGSciJp63sw0RrXNyHgnWoSY,Vidéos YouTube et Vimeo intégrées et mention de visite virtuelle sur le site.
APA Agency (APA Premium),Agadir,Agadir Bay,+212 6 08 68 27 78,,apa.agency.maroc@gmail.com,,http://www.apapremium.com/,4.8 (17 avis),petite,Agence + conciergerie premium,inconnu,https://www.google.com/maps/place/?q=place_id:ChIJURNXj7e3sw0RFcvuhfX0aKg,Contenus datés de 2026 sur le site.
Agence Ernest Immobilier,Agadir,Bd Hassan II (Imm. Al Amal n°20),+212 6 64 15 10 50,,,,https://agenceernest.com/,5.0 (16 avis),petite,Vente/location + bureau d'affaires juridiques,oui,https://www.google.com/maps/place/?q=place_id:ChIJFwWZZjW3sw0RyfYD6oUIKFA,"YouTube : 14 vidéos, dernière il y a environ 2 ans ; TikTok @ernest_immobilier_ ; Reels Instagram (identifiant du compte non confirmé). Site injoignable le 03/10/2026."
Action Immo,Agadir,Founty (Imm. Ifrane 11),+212 6 61 14 02 29,,,,,4.2 (11 avis),petite,Vente/location d'appartements (Founty),inconnu,https://www.google.com/maps/place/?q=place_id:ChIJZ1BcoYK3sw0Rd_3_fQnl7Sw,Boutique Avito active (33 annonces) : https://www.avito.ma/fr/boutique/actionimmo?id=1177
AM Immobilier Agadir,Agadir,Av. Moulay Hassan Ier (Imm. Amal Anzi),+212 6 87 83 83 19,,contact@amimmobilieragadir.com,,https://www.amimmobilieragadir.com/,4.3 (8 avis),petite (depuis 2002),"Vente, achat, gestion locative",inconnu,https://www.google.com/maps/place/?q=place_id:ChIJgdFxX9PJsw0RHwOLcYSap4c,
AGIMAG (Agence Immobilière d'Agadir),Agadir,"Centre-ville (Imm. M2, rue de l'Hôtel de Ville)",+212 5 28 82 16 41,,,,http://www.agadir-immobilier.com/,3.9 (7 avis),petite,Généraliste,inconnu,https://www.google.com/maps/place/?q=place_id:ChIJmya_E_G2sw0RynRA25pezkY,La fiche Google mentionne aussi agimag.ma.
Agenceimmobilier.ma (2P),Agadir,« C15 » (adresse Google),+212 6 61 20 27 00,+212 6 61 67 87 14,immo@2p.ma,,http://agenceimmobilier.ma/,4.9 (7 avis),petite,"Achat, vente, location, vacances",inconnu,https://www.google.com/maps/place/?q=place_id:ChIJxRo0Ni-3sw0RukHxcKYBS38,"Même mention d'adresse « C15 » que Luxe & Patrimoine (Bloc C15, Cité Dakhla) : vérifier s'il s'agit du même bureau."
Agadir Living,Agadir,Av. des FAR (n°19),+212 6 69 12 59 99,+212 6 69 12 59 99,contact@agadirliving.com,,https://agadirliving.com/,5.0 (nombre d'avis non fourni),petite,"Villas, appartements, terrains à Agadir et Taghazout",oui,https://www.google.com/maps/place/?q=place_id:ChIJaVcgBnK3sw0Rco73Wm0IYPs,Vidéo mp4 sur le site. Second WhatsApp : +212 6 65 33 55 88.
Dahabi Agadir,Agadir,,+212 6 63 55 56 91,+212 6 63 55 56 91,contact@dahabiagadir.com,,https://dahabiagadir.com/,5.0 (nombre d'avis non fourni),petite,Vente/location,inconnu,https://www.google.com/maps/place/?q=place_id:ChIJbdEpZNe3sw0RZOryVQ-JuFY,
Jawhara Luxe Realty,Agadir,"Haut Founty (Imm. 105, bureau 9)",+212 6 64 44 55 12,,,https://www.instagram.com/jawhara_luxe_realty/,,5.0 (nombre d'avis non fourni),petite (agence récente),"Luxe : villas et appartements (Founty, Sonaba, Marina, Haut Founty)",oui,https://www.google.com/maps/place/?q=place_id:ChIJU1GaPlC3sw0Rq0eI5lsVw7k,Reels Instagram. Second numéro publié : +212 6 64 88 87 99. Page Facebook récente.
Agadir Hawks,Agadir,,,+212 6 64 06 30 40,agadirhawks@gmail.com,,https://agadirhawks.com/,,petite (équipe locale),"Appartements, villas, maisons, terrains (vente, location, estimation)",inconnu,https://agadirhawks.com/,Trouvée par recherche web.
Luxe & Patrimoine (agence d'Agadir),Agadir,Cité Dakhla (Bloc C15),+212 6 21 76 10 28,+212 6 21 76 10 28,fgueye@luxe-patrimoine.com,https://www.instagram.com/luxe_patrimoine/,https://luxe-patrimoine.com/fr/agence-immobiliere-agadir/,,petite (agence française également présente à Dubaï),Haut de gamme,oui,https://luxe-patrimoine.com/fr/agence-immobiliere-agadir/,"YouTube : 40 vidéos, dernière il y a environ 1 an. Seul e-mail publié, nominatif."
"Morgan & James (L'Agence Immobilière), Agadir",Agadir,,,,contact@morganjames.ma,https://www.instagram.com/morganjamesimmobilier/,https://lagenceimmobiliere.ma/biens-immobiliers/agadir/,,réseau national (pages par ville sur le site),"Villas et appartements haut standing, vue mer",inconnu,https://lagenceimmobiliere.ma/biens-immobiliers/agadir/,Chaîne YouTube liée (@MorganJamesagenceImmobiliere) mais contenu illisible lors de la vérification.
SORARED Immobilier (bicha.immo),Agadir,"Najah (résidence Najah, av. Boujdour)",+212 6 67 06 20 34,,contact@bicha.immo,,https://www.bicha.immo/,5.0 (nombre d'avis non fourni),petite,"Appartements, villas, maisons, terrains (Sonaba, Cité Suisse, Haut Founty)",inconnu,https://www.google.com/maps/place/?q=place_id:ChIJ6T58fAC3sw0RUoHx1b3sww4,Coordonnées lues dans les pages bicha.immo indexées (accueil inaccessible en direct le 03/10/2026). Facebook : facebook.com/Soraredimmo.
Mamnil Immobilier,Agadir,"Talborjt (Imm. Marhaba, av. du 29 Février)",+212 5 28 82 44 33,,,https://www.instagram.com/mamnilimmobilier/,http://www.mamnil.com/,4.4 (nombre d'avis non fourni),petite,"Généraliste, estimation",oui,https://www.google.com/maps/place/?q=place_id:ChIJzcuYePW2sw0RWfbVJi7vMCM,"YouTube : 31 vidéos, 1,37 k abonnés, mais dernière il y a environ 4 ans."
Fidarkom (conciergerie et agence immobilière),Agadir,Av. Hassan Ier (Imm. Hafid),+212 7 70 07 97 00,+212 7 70 07 97 00,contact@fidarkom.ma,,https://fidarkom.ma/,4.8 (nombre d'avis non fourni),petite (depuis 2015),Conciergerie Airbnb et gestion locative (propriétaires MRE) + vente,inconnu,https://www.google.com/maps/place/?q=place_id:ChIJ2bEvQzG3sw0ROInBvjvT0uE,Site lu via Firecrawl (protection anti-bot).
Dorian Immobilier (Marhabnb),Agadir,"Av. Mohammedia (bloc 7, n°36)",+212 6 57 74 63 17,,contact@marhabnb.com,https://www.instagram.com/_marhabnb/,https://www.marhabnb.com/,5.0 (nombre d'avis non fourni),petite,"Immobilier pour expatriés : achat, vente, location",inconnu,https://www.google.com/maps/place/?q=place_id:ChIJnWUSc123sw0Rc5w4fQIUIQU,
L'Ambassadeur de l'Immobilier,Casablanca,"Bureau : Angle Bd d'Anfa et rue Mozart, Résidence le petit paradis, Racine, Casablanca | Biens (échantillon Mubawab) : Californie, Anfa, CIL (Hay Salam)",+212 6 61 79 92 22,,directeur@lambassadeur-immo.ma,https://www.instagram.com/lambassadeur_de_limmo/,https://lambassadeur-immo.ma/,,moyenne (~128 annonces actives sur Mubawab),"Résidentiel haut de gamme (Anfa, Californie, Anfa Supérieur) + professionnel",non,https://www.mubawab.ma/fr/b/7062/l-ambassadeur-de-l-immobilier,"~49 300 abonnés Instagram (vérifié) ; spécialiste résidentiel/professionnel grand Casablanca (Anfa, Californie) ; Vidéo : Instagram : 0 vidéo sur les 12 derniers posts (juin 2026), uniquement des photos ; quelques vidéos anciennes sur Facebook ; Facebook : https://www.facebook.com/Lambassadeur.de.limmobilier/"
My Sakane Immobilier,Casablanca,"Bureau : Maarif Anfa | Biens (échantillon Mubawab) : Oasis, Les princesses, Ferme Bretonne (Hay Arraha)",+212 6 62 65 56 07,,,https://www.instagram.com/my.sakane.immobilier/,,,moyenne (~80 annonces actives sur Mubawab),Résidentiel standing : appartements (27/27 relevées) + villas,inconnu,https://www.mubawab.ma/fr/b/9563/my-sakane-immobilier,Facebook : https://www.facebook.com/mysakaneimmobilier/
HK-Premium,Casablanca,"Bureau : Maarif | Biens (échantillon Mubawab) : Anfa, Ain Diab, Anfa Supérieur",+212 6 68 40 95 19,,,,,,moyenne (~79 annonces actives sur Mubawab),Haut de gamme : villas (14 annonces villas sur 14 relevées) + appartements,inconnu,https://www.mubawab.ma/fr/b/8833/hk-premium,aucun site ni Instagram trouvé ; présent sur MarocImmo/Sarout.ma
Immobilier Mondial Trading,Casablanca,"Bureau : 124, Bd Rahal El Meskini, 5ème étage - Casablanca | Biens (échantillon Mubawab) : Californie, Polo, Laymoune",+212 6 63 72 84 66,,,,,,moyenne (~77 annonces actives sur Mubawab),Haut de gamme : villas (13 annonces villas sur 13 relevées) + appartements,inconnu,https://www.mubawab.ma/fr/b/3988/immobilier-mondial-trading,fondée en 2014 (Tracxn) ; participant Mubawab Awards 2026
Danna prestige immo,Casablanca,"Bureau : 20 Daouda Dahiri | Biens (échantillon Mubawab) : Sidi Maarouf, Californie, Mandarona",+212 6 14 69 22 51,,,https://www.instagram.com/dannaprestigeimmo/,,,moyenne (~80 annonces actives sur Mubawab),"Haut standing : villas Anfa Supérieur, palais (45 MDH), appartements",oui,https://www.mubawab.ma/fr/b/5253/danna-prestige-immo,"compte Instagram peu actif (~210 abonnés) ; biens haut standing (palais Mohammedia 45 MDH, villas Anfa Supérieur) ; Vidéo : Instagram : 1 seule vidéo (palais à 45 MDH, mars 2025) sur 3 posts ; Facebook : https://www.facebook.com/DanaImmobilierpartners/"
Val Foncier,Casablanca,"Bureau : 2, Rue Clavérole, Quartier des Hôpitaux, Casablanca - Maroc | Biens (échantillon Mubawab) : Ain Diab, Californie, CIL (Hay Salam)",+212 6 61 07 77 10,+212 661 07 77 10,contact@valfoncier.ma,https://www.instagram.com/valfoncier/,https://valfoncier.ma/,,grande (~584 annonces actives sur Mubawab),Haut de gamme : villas (10 annonces villas sur 10 relevées) + appartements,oui,https://www.mubawab.ma/fr/b/5077/val-foncier,"~6 500 abonnés Instagram (extrait de recherche) ; 2e numéro publié sur Facebook : 06 76 56 88 79 ; Vidéo : chaîne YouTube @Valfoncier : 77 vidéos, 1,41 k abonnés (dernière publication il y a ~3 ans) ; Facebook : https://www.facebook.com/valfoncier.ma/ ; YouTube : https://www.youtube.com/@Valfoncier"
8th Avenue,Casablanca,"Bureau : 21, Rue Ahmed Naciri 2 ême Etage Nº 6 Rêsidence Andalous Quartier Palmier 20340 Casablanca MAROC | Biens (échantillon Mubawab) : Ain Diab, Ain Diab Extension, Sidi Maarouf",+212 5 22 99 29 89 / +212 6 00 03 46 01,,,https://www.instagram.com/8thavenuerealestate/,https://www.8thavenue.ma/,,grande (~411 annonces actives sur Mubawab),Résidentiel haut de gamme (Ain Diab) + forte activité immobilier professionnel/bureaux,inconnu,https://www.mubawab.ma/fr/b/2259/8th-avenue,"agence depuis 1997, forte orientation immobilier professionnel + résidentiel Ain Diab ; a témoigné dans une vidéo Mubawab ; Facebook : https://www.facebook.com/8thavenuerealestate/"
The Agency,Casablanca,"Bureau : Entrée Ouest, Niveau 1 Anfa Place, BD de la Corniche | Biens (échantillon Mubawab) : Ain Diab, Californie, Polo",+212 6 61 25 52 90,,contact@the-agency.ma,https://www.instagram.com/theagencyadvisory/,https://www.the-agency.ma/,,petite (~48 annonces actives sur Mubawab),Haut de gamme : villas (6 annonces villas sur 8 relevées) + appartements,oui,https://www.mubawab.ma/fr/b/8120/the-agency,fixe publié : +212 520 24 16 70 ; co-fondée en 2021 ; Anfa Place ; Vidéo : reels Instagram de biens (ex. instagram.com/reel/DKgQgxHqVar) ; Facebook : https://www.facebook.com/Theagencyadvisory/
Regnum Immo,Casablanca,"Bureau : 114 Boulevard Ibnou Sina | Biens (échantillon Mubawab) : Californie, Longchamps (Hay Al Hanâa), Ain Diab",+212 6 61 30 98 18,,,https://www.instagram.com/regnum.immo/,,,petite (~18 annonces actives sur Mubawab),Haut de gamme : villas (7 annonces villas sur 7 relevées) + appartements,inconnu,https://www.mubawab.ma/fr/b/10576/regnum-immo,ex-Savills Immo (renommée Regnum Immo en 2023) ; villas Californie/Palmier
Capital Foncier,Casablanca,"Bureau : 110 Rue Moussa Bnou Noucair | Biens (échantillon Mubawab) : Ain Diab, Californie, Habbous",+212 6 02 71 75 45,,,https://www.instagram.com/capitalfoncier/,https://capitalfoncier.com/,,grande (~1513 annonces actives sur Mubawab),"Résidentiel (villas Ain Diab, Californie, appartements CFC) + professionnel",oui,https://www.mubawab.ma/fr/b/2391/capital-foncier,"~21 700 abonnés Instagram (vérifié) ; '20 ans d'expérience' ; fixe 05 22 22 20 22 ; >1 500 annonces Mubawab ; Vidéo : Instagram : 1 vidéo sur les 12 derniers posts (sept. 2026), publication quasi quotidienne en photos/carrousels ; une chaîne YouTube liée au site (8 vidéos, dernière il y a ~9 mois) ; Facebook : https://www.facebook.com/capitalfoncier/ ; YouTube : https://www.youtube.com/channel/UC6lgHLnCyFCQPdCaltIP2ww"
Imvalory,Casablanca,"Bureau : 299 BD BIR ANZARANE ROMANDIE II IM4, MaarifCasablanca, Maroc | Biens (échantillon Mubawab) : CIL (Hay Salam), Ain Diab Extension, Longchamps (Hay Al Hanâa)",+212 6 61 22 21 69,+212 661 22 21 69,malaoui@imvalory.com,https://www.instagram.com/imvalory/,https://www.imvalory.com/,,moyenne (~71 annonces actives sur Mubawab),Résidentiel + commercial/industriel/bureaux,inconnu,https://www.mubawab.ma/fr/b/2406/imvalory,"cabinet depuis 2010, réseau de conseillers indépendants, résidentiel + commercial ; fixe 05 22 92 80 84 ; Facebook : https://www.facebook.com/Imvalory/"
Primmo Express,Casablanca,"Bureau : 5 Boulevard Zerktouni, résidence la Tourette, 7ème étage | Biens (échantillon Mubawab) : Californie, Ain Diab, CIL (Hay Salam)",+212 6 02 63 67 49 / +212 6 05 84 94 46,,primmo.express@gmail.com,,,,moyenne (~71 annonces actives sur Mubawab),Haut de gamme : villas (5 annonces villas sur 5 relevées) + appartements,inconnu,https://www.mubawab.ma/fr/b/8255/primmo-express,e-mail affiché sur la page Facebook Primmo Conseil Academy ; Facebook : https://www.facebook.com/Primmoconseilacademy/
Anfasup.ma,Casablanca,"Bureau : Anfa Place | Biens (échantillon Mubawab) : Anfa Supérieur, Anfa, Longchamps (Hay Al Hanâa)",+212 6 04 13 18 10,+212 604 13 18 10,contact@anfasup.ma,,https://anfasup.ma/,,petite (~20 annonces actives sur Mubawab),Haut de gamme : villas (4 annonces villas sur 4 relevées) + appartements,inconnu,https://www.mubawab.ma/fr/b/11014/anfasup-ma,Anfa Place ; spécialiste Anfa Supérieur / Anfa (blog quartiers)
M. Confidential,Casablanca,"Biens (échantillon Mubawab) : Ain Diab Extension, Anfa",+212 6 10 10 56 31,,contact@mconfidential.ma,,https://mconfidential.ma/,,petite (~21 annonces actives sur Mubawab),"Premium : villas, appartements, terrains (Casablanca, Dar Bouazza)",inconnu,https://www.mubawab.ma/fr/b/9732/m-confidential,agence premium Casablanca/Dar Bouazza/Marrakech
Century 21 ANFA,Casablanca,"Bureau : Racine | Biens (échantillon Mubawab) : Oasis, Ain Diab, Sidi Maarouf",+212 6 63 00 00 99,,,,,,moyenne (~62 annonces actives sur Mubawab) ; franchise/réseau international,Haut de gamme : villas (4 annonces villas sur 4 relevées) + appartements,inconnu,https://www.mubawab.ma/fr/b/8144/century-21-anfa,franchise Century 21 ; LinkedIn century-21-anfa
Immoraf,Casablanca,"Bureau : 59,bd zerktouni , 6eme etage N 18 , Casablanca | Biens (échantillon Mubawab) : Sidi Maarouf, Ain Diab",+212 6 23 98 41 20,,info@immoraf.ma,https://www.instagram.com/immoraf.ma/,https://immoraf.ma/,,petite (~48 annonces actives sur Mubawab),Haut de gamme : villas (3 annonces villas sur 3 relevées) + appartements,inconnu,https://www.mubawab.ma/fr/b/5695/immoraf,bio Instagram 'Luxury Real Estate' ; autre numéro en bio : +212 616 357 059 ; Facebook : https://www.facebook.com/immoraf/
ALPRO IMMO,Casablanca,"Bureau : rue soumaya res shahrazade 3 etage 5 n°22 palmiers | Biens (échantillon Mubawab) : Mandarona, Ain Diab, Oasis",+212 6 61 05 70 13,,,https://www.instagram.com/alpro__immo/,,,moyenne (~146 annonces actives sur Mubawab),Haut de gamme : villas (3 annonces villas sur 3 relevées) + appartements,inconnu,https://www.mubawab.ma/fr/b/5038/rachid-lamhamdi-alpro-immo,plus de 20 ans d'expérience ; biens moyen et haut standing ; Facebook : https://www.facebook.com/alpro.immo.7/
Edna Immobilier,Casablanca,"Biens (échantillon Mubawab) : Polo, Californie, Ferme Bretonne (Hay Arraha)",+212 6 93 47 96 28,,,https://www.instagram.com/edna_immobilier/,,,petite (~17 annonces actives sur Mubawab),"Appartements haut standing (CFC, Ferme Bretonne), villas",oui,https://www.mubawab.ma/fr/b/11732/edna-immobilier,"~2 000 abonnés Instagram (extrait) ; Vidéo : chaîne YouTube @EDNAIMMOBILIER : 50 vidéos, 1,42 k abonnés (dernière il y a ~2 ans) + TikTok ; Facebook : https://www.facebook.com/Ednaimmo/ ; YouTube : https://www.youtube.com/c/EDNAIMMOBILIER ; TikTok : https://www.tiktok.com/@ednaimmobilier"
Alliance Immobilier Lahrichi,Casablanca,"Biens (échantillon Mubawab) : Polo, Anfa, Anfa Supérieur",+212 6 60 15 94 94,,,,,,moyenne (~86 annonces actives sur Mubawab),Haut de gamme : villas (3 annonces villas sur 3 relevées) + appartements,inconnu,https://www.mubawab.ma/fr/b/4141/alliance-immobilier-lahrichi,villas Anfa / Ain Diab / Colline d'Anfa ; photos par le fondateur ; Facebook : https://www.facebook.com/immolahrichi/
Excellence Luxury AT Immo,Casablanca,"Bureau : Maarif | Biens (échantillon Mubawab) : Californie, Ain Diab Extension",+212 6 19 20 58 12,,,,,,moyenne (~70 annonces actives sur Mubawab),Haut de gamme : villas (3 annonces villas sur 3 relevées) + appartements,oui,https://www.mubawab.ma/fr/b/7555/excellence-luxury-at-immo,"depuis 2010 ; 38 rue du 6 Octobre, Maârif ; nommée Mubawab Awards 2026 (prix de la collaboration) ; Vidéo : vidéos Facebook (2022, avril 2026) et reel Instagram de villa à Dar Bouazza ; Facebook : https://www.facebook.com/ExcellenceLuxuryATImmo/"
Partouche Properties,Casablanca,"Bureau : boulevard d'Anfa | Biens (échantillon Mubawab) : Anfa, Ain Diab Extension, Sidi Maârouf",+212 6 87 83 71 65,,,,,,petite (~49 annonces actives sur Mubawab),"Haut de gamme : villas Anfa / Ain Diab, appartements Racine / Gauthier",inconnu,https://www.mubawab.ma/fr/b/8342/partouche-properties,"villas Anfa / Ain Diab, appartements Racine/Gauthier ; pas de site ni Instagram trouvés"
Meridian Real Estate,Casablanca,"Bureau : Immeuble Crystal 1, 10e Étage, Avenue des Almohades, Casablanca - La Marina | Biens (échantillon Mubawab) : Ain Diab",+212 6 61 23 69 16 / +212 6 70 73 22 56,,,,https://meridian.ma/,,moyenne (~71 annonces actives sur Mubawab),"Prestige : villas, appartements, bureaux",oui,https://www.mubawab.ma/fr/b/12538/meridian-real-estate,"se positionne sur l'immobilier de prestige ; Marina, Immeuble Crystal 1 ; Vidéo : reels Instagram de biens (ex. instagram.com/reel/Dc4GfQ6ACbA)"
Street Realtys,Casablanca,Bureau : 7 RUE TARIK BILLAL CASABLANCA JE OFFICE,+212 6 69 77 66 99,,contact@streetrealtys.com,https://www.instagram.com/streetrealtys/,https://streetrealtys.com/,,moyenne (~81 annonces actives sur Mubawab),"Premium : appartements Anfa Place, villas Anfa Supérieur",oui,https://www.mubawab.ma/fr/b/9062/street-realtys,"fondée en 2012, biens premium (Anfa Place, Anfa Supérieur) ; 2e numéro sur le site : +212 602 37 13 54 ; Vidéo : reels Instagram (ex. instagram.com/reel/DZfsE5yMINt)"
Milkiya,Casablanca,Bureau : Quartier Racine | Biens (échantillon Mubawab) : Aviation - Mabella,+212 6 00 06 97 74,+212 600 06 97 74,,https://www.instagram.com/milkiya.officiel/,https://www.milkiya.ma/fr_fr/,,réseau national de mandataires (~670 annonces Mubawab),"Réseau de mandataires : tout résidentiel, dont villas et appartements de standing",inconnu,https://www.mubawab.ma/fr/b/8909/milkiya,"réseau national de mandataires (lancé 2022), siège quartier Racine ; ~16 k abonnés Facebook ; Facebook : https://www.facebook.com/MILKIYA.officiel/"
Berradi Signature,Casablanca,Biens (échantillon Mubawab) : Bir El Ghazi,+212 7 74 55 28 76,,,https://www.instagram.com/berradisignature_/,,,petite (~17 annonces actives sur Mubawab),"Appartements meublés de standing (location/vente), Palmier, bd Socrate",oui,https://www.mubawab.ma/fr/b/13977/berradi-signature,Vidéo : reels Instagram de biens (fondateur créateur de contenu immobilier)
Broker Immobilier,Casablanca,"Bureau : 19 Bd Abderrahim Bouabid, Casablanca 20410 (Ex Bd Jerrada)",+212 5 22 99 59 59 / +212 6 61 34 56 10,,contact@brokerimmo.com,,https://brokerimmo.com/,,petite (~58 annonces actives sur Mubawab) ; 2-10 salariés (LinkedIn),"Terrains, promoteurs et résidentiel (villas, appartements)",inconnu,https://www.mubawab.ma/fr/b/8341/broker-immobilier,"2-10 salariés (LinkedIn) ; terrains, promoteurs et résidentiel ; autre tél. publié : +212 662 06 58 55"
Casa Immo Store,Casablanca,Bureau : Agence Racine 14 Rue Molière Racine,+212 6 65 77 88 88,,contact@casaimmostore.ma,https://www.instagram.com/casaimmostore/,https://www.casaimmostore.ma/,"3,4/5 (10 avis, d'après guide-casa.ma)",moyenne (~97 annonces actives sur Mubawab),"Résidentiel standing, surtout locations (Racine, Ville Verte)",inconnu,https://www.mubawab.ma/fr/b/6845/casa-immo-store,Racine + Ville Verte Bouskoura ; surtout locations
Noblesse Real Estate,Casablanca,"Biens (échantillon Mubawab) : Anfa Supérieur, Longchamps (Hay Al Hanâa)",+212 6 61 32 70 06,,,,,,moyenne (~165 annonces actives sur Mubawab),"Haut de gamme : villas Ain Diab / Anfa Supérieur (13-29 MDH), appartements CFC",inconnu,https://www.mubawab.ma/fr/b/5147/noblesse-real-estate,"villas Ain Diab / Anfa Supérieur à 13-29 MDH, appartements CFC ; pas de site trouvé"
Guy Hoquet l'Immobilier Casablanca,Casablanca,Bureau : Rue de Restinga - CIL - Casablanca,+212 6 00 60 60 60,,casablanca@guyhoquet.com,,https://casablanca.guy-hoquet.com/,,moyenne (~106 annonces actives sur Mubawab) ; franchise/réseau international,"Résidentiel standing (CIL, villas, appartements)",oui,https://www.mubawab.ma/fr/b/9777/guy-hoquet-l-immobilier-casablanca,"franchise Guy Hoquet (réseau français), agence CIL ; Vidéo : chaîne YouTube : 16 vidéos (dernière il y a ~1 an) + reels Instagram ; Facebook : https://www.facebook.com/GuyHoquetCasablanca1/ ; YouTube : https://www.youtube.com/@Guyhoquetcasablanca"
WinWin Immo,Casablanca,Biens (échantillon Mubawab) : Ain Diab,+212 7 70 04 23 60,,contact@winwinimmo.ma,https://www.instagram.com/winwin.immo/,https://winwinimmo.ma/,,petite (~33 annonces actives sur Mubawab),"Appartements haut standing (CFC), villas (Prestigia, Dar Bouazza)",oui,https://www.mubawab.ma/fr/b/16656/agent-mekouar,"~1,9 k abonnés Instagram ; fiche Mubawab au nom 'Agent Mekouar' ; 2e GSM en bio Instagram ; Vidéo : reels Instagram et vidéos Facebook de biens (villa Prestigia, duplex CFC) ; Facebook : https://www.facebook.com/p/Winwinimmo-61552339561979/"
Tailored Immo,Casablanca,"Bureau : 265 bd Zerktouni, 9e étage n°92 (adresse légale)",+212 6 64 21 61 58,,,https://www.instagram.com/tailoredimmo_/,,,moyenne (~77 annonces actives sur Mubawab),"Haut de gamme : appartements CFC / Massira, villas Californie",oui,https://www.mubawab.ma/fr/b/8835/tailored-immo,"concept 'agence sur mesure' ; même adresse (265 bd Zerktouni, 9e ét. n°92) que la fiche Mubawab 'Anfa Immobilier' ; Vidéo : reels Instagram + vidéos TikTok (villa Californie, appartement Massira) ; Facebook : https://www.facebook.com/Tailoredimmo/ ; TikTok : https://www.tiktok.com/@tailoredimmo"
Morgan & James Immobilier,Casablanca,"Bureau : Rue des Arènes 1, Maârif",+212 6 60 99 40 69,,contact@morganjames.ma,https://www.instagram.com/morganjamesimmobilier/,https://lagenceimmobiliere.ma/,,"agence multi-villes (Rabat, Casablanca, Tanger, Marrakech)","Luxe : villas de prestige, riads, appartements de standing",inconnu,https://lagenceimmobiliere.ma/nous-contacter/,agence de luxe Casablanca/Rabat/Tanger/Marrakech ; villas de prestige Californie ; chaîne YouTube liée au site mais aucune vidéo visible ; Facebook : https://www.facebook.com/morganjamesimmobilier/
Swift-Keey,Rabat,"Bureau : L'orangeraie de Souissi, Rabat | Biens (échantillon Mubawab) : Souissi, Riyad, Hassan - Centre Ville",+212 6 84 96 97 87,,,,,,petite (~37 annonces actives sur Mubawab),"Prestige : appartements Orangeraie/Souissi, villas jusqu'à 38 MDH",inconnu,https://www.mubawab.ma/fr/b/13176/swift-keey,"Souissi / Orangeraie : appartements de prestige et villas jusqu'à 38 MDH, annonces actives juin-juil. 2026 (MarocImmo)"
Challioui Immobilier,Rabat,"Biens (échantillon Mubawab) : Souissi, Riyad, Quartier Des Ambassades",+212 6 45 31 21 66 / +212 7 20 10 78 16,+212 720 10 78 16,,https://www.instagram.com/challioui_immobilier/,,,petite (~40 annonces actives sur Mubawab),"Haut standing : villas et appartements (diplomates, expatriés)",oui,https://www.mubawab.ma/fr/b/10135/challioui-immobilier,"~12 200 abonnés Instagram (vérifié) ; bio 'Villas & Appartements Haut Standing' ; cible diplomates/expatriés ; Vidéo : Instagram : 5 des 8 derniers posts sont des vidéos, mais dernier post en nov. 2024 ; 1 vidéo YouTube ; Facebook : https://m.facebook.com/100095122308122/ ; YouTube : https://www.youtube.com/@Challiouiimmobilier"
Between Bonnes Affaires Immo,Rabat,"Bureau : Hay Riad | Biens (échantillon Mubawab) : Souissi, Riyad, Quartier Des Ambassades",+212 6 61 68 03 42,,,,,,moyenne (~200 annonces actives sur Mubawab),Haut de gamme : villas (16 annonces villas sur 16 relevées) + appartements,inconnu,https://www.mubawab.ma/fr/b/7738/between-bonnes-affaires-immo,villas Hay Riad / Souissi (jusqu'à 20 MDH) ; ~300 annonces sur Avito ; citée aux Mubawab Awards 2025 Rabat
immo101.ma by SBDE,Rabat,"Bureau : SBDE HAY RIAD SECTEUR 13 RUE ANARANJ RABAT | Biens (échantillon Mubawab) : Souissi, Riyad, Aviation - Mabella",+212 6 67 99 08 09,,contact@immo101.ma,,https://immo101.ma/,,moyenne (~176 annonces actives sur Mubawab) ; 2-10 salariés (LinkedIn),Haut de gamme : villas (10 annonces villas sur 13 relevées) + appartements,oui,https://www.mubawab.ma/fr/b/6108/immo101-ma-by-sbde,2-10 salariés (LinkedIn) ; villas Souissi 24-37 MDH ; autres numéros : 0667 019 905 / 0667 990 016 ; Vidéo : vidéos Facebook de biens (2022) ; Facebook : https://www.facebook.com/immo101.ma/
Immoluxe Rabat,Rabat,"Bureau : 77 avenue Okba N09 Agdal-Rabat | Biens (échantillon Mubawab) : Souissi, Riyad, Les Oudayas",+212 6 61 42 70 12 / +212 6 61 65 94 32,,,,,,moyenne (~80 annonces actives sur Mubawab),Haut de gamme : villas (13 annonces villas sur 13 relevées) + appartements,inconnu,https://www.mubawab.ma/fr/b/8951/immoluxe-rabat,Agdal ; appartements et villas Souissi / Hay Riad ; boutique Avito
Capalm Rabat,Rabat,"Biens (échantillon Mubawab) : Souissi, Riyad, Guich Oudaya",+212 5 37 71 01 62 / +212 6 61 22 55 61,,contact@capalmrabat.com,https://www.instagram.com/rabatcapalm/,https://capalmrabat.com/,,petite (~40 annonces actives sur Mubawab),Haut de gamme : villas (11 annonces villas sur 12 relevées) + appartements,inconnu,https://www.mubawab.ma/fr/b/6857/capalm-rabat,utilise déjà des visites virtuelles 360° (profil Klapty) ; villas Souissi / Hay Riad ; Facebook : https://www.facebook.com/p/Capalm-Rabat-61554481416947/
Victoire Immo,Rabat,"Bureau : Rue Mali IMM 37 APP 9 DIOUR JAMAA Rabat | Biens (échantillon Mubawab) : Souissi, Riyad, Hassan - Centre Ville",+212 6 61 08 92 20 / +212 6 66 89 21 12,,,https://www.instagram.com/victoireimmo89/,,,petite (~40 annonces actives sur Mubawab),Haut de gamme : villas (11 annonces villas sur 11 relevées) + appartements,oui,https://www.mubawab.ma/fr/b/4974/victoire-immo,Vidéo : reel Instagram (instagram.com/reel/DdOYn81oAam) ; Facebook : https://www.facebook.com/immovictoire.2/
Le point de vente Rabat,Rabat,"Bureau : Avenue Abtal magasin 24 Agdal Rabat,CP 10090 | Biens (échantillon Mubawab) : Agdal, Riyad, Souissi",+212 6 60 06 88 44 / +212 6 88 60 88 82,,,,,,moyenne (~79 annonces actives sur Mubawab) ; 2-10 salariés (LinkedIn),Résidentiel et commercial,oui,https://www.mubawab.ma/fr/b/5551/le-point-de-vente-rabat,~10 ans d'existence ; 2-10 salariés (LinkedIn) ; site déclaré sur LinkedIn : lepointdevente.ma (inaccessible lors du test) ; Vidéo : reels Facebook et Instagram ; Facebook : https://www.facebook.com/lepointdeventeRabat/
Révélation Concept,Rabat,"Bureau : Hay Riad Rabat | Biens (échantillon Mubawab) : Riyad, Agdal",+212 6 67 87 17 91,,,,,,petite (~26 annonces actives sur Mubawab),Résidentiel standing : appartements (5/9 relevées) + villas,inconnu,https://www.mubawab.ma/fr/b/15120/revelation-concept,aucune présence en ligne trouvée hors Mubawab
Agence Cloche Immo,Rabat,"Bureau : Quartier Hassan | Biens (échantillon Mubawab) : Souissi, Hassan - Centre Ville, Agdal",+212 6 67 28 27 77,,,,,,petite (~20 annonces actives sur Mubawab),Haut de gamme : villas (4 annonces villas sur 8 relevées) + appartements,inconnu,https://www.mubawab.ma/fr/b/9205/agence-cloche-immo,Hassan / Agdal ; appartements de standing
Dar Immo,Rabat,"Bureau : 8bis, Rue Oum Rabie, Appt N° 2 RDC, Agdal Rabat | Biens (échantillon Mubawab) : Riyad, Agdal",+212 5 37 68 30 38 / +212 6 61 38 36 29,,contact@darimmo.ma,,https://www.darimmo.ma/,,petite (~19 annonces actives sur Mubawab),Appartements et villas Agdal / Hay Riad,inconnu,https://www.mubawab.ma/fr/b/2992/dar-immo,créée en 2012 ; Agdal ; nommée Mubawab Awards 2026 Rabat (prix de la collaboration)
High Immo,Rabat,Bureau : Rabat-Hay Riad | Biens (échantillon Mubawab) : Riyad,+212 6 62 41 90 68,,,,http://www.highimmo.ma,,petite (~50 annonces actives sur Mubawab),Haut de gamme : villas (4 annonces villas sur 7 relevées) + appartements,inconnu,https://www.mubawab.ma/fr/b/7986/high-immo,20 ans d'expérience ; villas Hay Riad (dont usage bureaux) ; site indiqué sur sa boutique Avito (inaccessible lors du test) ; Facebook : https://www.facebook.com/p/High-immo-R74-100063775411448/
B&B Partners,Rabat,"Bureau : AVENUE MOHAMED EL YAZIDI SECTEUR 12 BLOC B3 BUREAU N23 HAY RIAD RABAT | Biens (échantillon Mubawab) : Souissi, Quartier Administratif, Agdal",+212 6 00 67 93 37 / +212 6 61 67 91 94,+212 600 67 93 37,bbrealestatemorocco@gmail.com,https://www.instagram.com/bnbpartners.immo/,https://bbpartners.ma/,,moyenne (~67 annonces actives sur Mubawab),Haut de gamme : villas (7 annonces villas sur 7 relevées) + appartements,oui,https://www.mubawab.ma/fr/b/15264/b-b-partners,se présente comme 'agence immobilière premium à Rabat' ; Vidéo : vidéo Facebook (bungalow Rabat) + reels Instagram ; Facebook : https://www.facebook.com/p/BnBPartners-61584275618214/
KB Group Real Estate,Rabat,"Biens (échantillon Mubawab) : Souissi, Hassan - Centre Ville",+212 6 61 07 53 07 / +212 6 61 51 58 43,+212 661 07 53 07,b.kabbaj@kbgroup.ma,https://www.instagram.com/kb_group__real_estate/,https://www.kbgroup.ma/,,petite (~22 annonces actives sur Mubawab),Haut de gamme : villas (7 annonces villas sur 7 relevées) + appartements,oui,https://www.mubawab.ma/fr/b/9608/kb-group-real-estate,"villas El Menzeh / Souissi ; fondateur ex-Luxembourg, chasse immobilière ; Vidéo : reels Instagram, TikTok du fondateur, chaîne YouTube (3 vidéos) ; YouTube : https://www.youtube.com/@kbgrouprealestatemorocco ; TikTok : https://www.tiktok.com/@b_kabbaj"
Global Brokerage Real Estate,Rabat,"Bureau : Hay Riyad,angle Av. Annakhil et rue Arromane,Rés.Soundous 2,RDC N° 3 - Rabat - Maroc | Biens (échantillon Mubawab) : Rabat, Souissi, Hassan - Centre Ville",+212 5 37 71 08 88 / +212 6 61 22 87 26,,contact@gbre.ma,,https://www.gbre.ma/,,moyenne (~78 annonces actives sur Mubawab),Haut de gamme : villas (5 annonces villas sur 6 relevées) + appartements,inconnu,https://www.mubawab.ma/fr/b/8169/global-brokerage-real-estate,nommée Mubawab Awards 2026 Rabat (Agence de l'année + Prix de la collaboration)
Andaloussi Immobilier (APS),Rabat,"Bureau : SIEGE SOCIAL: Avenue Mohamed El Yazidi, secteur 12, bloc B3, Hay Riad, RABAT | Biens (échantillon Mubawab) : Souissi, Takadoum, Haut Agdal",+212 6 10 32 03 43,,,,,,petite (~26 annonces actives sur Mubawab),Haut de gamme : villas (3 annonces villas sur 6 relevées) + appartements,oui,https://www.mubawab.ma/fr/b/8843/andaloussi-immobilier-aps-,slogan 'expert en immobilier haut de gamme' ; villas Souissi ; Vidéo : reels Instagram (ex. appartement haut standing Hay Riad) ; Facebook : https://www.facebook.com/p/Andalousie-Partner-Services-100027689933784/
ADIMA Properties,Rabat,"Biens (échantillon Mubawab) : Riyad, Quartier Des Ambassades, Hay Nahda",+212 6 61 60 26 34 / +212 7 67 45 57 74,,adimaproperties@gmail.com,https://www.instagram.com/adima.properties/,https://www.adima.ma/,,petite (~42 annonces actives sur Mubawab),Haut de gamme : villas (5 annonces villas sur 6 relevées) + appartements,oui,https://www.mubawab.ma/fr/b/10011/adima-properties,Agdal / Hay Riad ; édite aussi le portail adima.ma ; Vidéo : compte TikTok + reels Instagram (lot de villas El Menzeh) ; TikTok : https://www.tiktok.com/@adima.properties
Green Home Immo Expérience,Rabat,Bureau : imm 58.appt A3 rue oued sebou-rabat agdal | Biens (échantillon Mubawab) : Souissi,+212 6 66 54 22 14 / +31 633833480,+212 666 54 22 14,contact@greenhomeimmo.com,https://www.instagram.com/green_home_immo_experience/,https://greenhomeimmo.com/,,moyenne (~100 annonces actives sur Mubawab),Haut standing : majorité de villas (83 % du catalogue selon son site),inconnu,https://www.mubawab.ma/fr/b/6123/green-home-immo-experience,~5 500 mentions J'aime Facebook ; villas de luxe Souissi ; Facebook : https://www.facebook.com/wasafatniss/
ABI Capital,Rabat,"Bureau : ABI CAPITAL RUE TAFETACHT SPACES LA ROCADE, RABAT, MAROC | Biens (échantillon Mubawab) : Souissi, Riyad",+212 6 61 24 04 73 / +212 6 68 68 68 83,+212 661 24 04 73,ahmad@abicapital.ma,https://www.instagram.com/abicapital.ma/,https://abicapital.ma/,,petite (~19 annonces actives sur Mubawab),Haut de gamme : villas (5 annonces villas sur 5 relevées) + appartements,oui,https://www.mubawab.ma/fr/b/8080/abi-capital,'Luxury & Corporate Real Estate' ; implantée à Rabat et Casablanca ; ~1 770 abonnés Facebook ; e-mail du fondateur publié sur la fiche WhatsApp Business de l'agence ; Vidéo : reels Instagram (ex. appartement 178 m² Hay Riad) ; Facebook : https://www.facebook.com/abicapital.ma/
Bloom Properties,Rabat,"Bureau : Agdal | Biens (échantillon Mubawab) : Riyad, Souissi, Agdal",+212 6 62 66 26 56 / +212 7 02 20 73 05,+212 662 66 26 56,,https://www.instagram.com/bloomproperties.ma/,,,petite (~45 annonces actives sur Mubawab),Haut de gamme : villas (2 annonces villas sur 4 relevées) + appartements,oui,https://www.mubawab.ma/fr/b/10684/bloom-properties,"bureau Haut Agdal ; Vidéo : reels Instagram (appartement 178 m² Haut Agdal, contenus marché) ; Facebook : https://www.facebook.com/p/Bloom-Immo-100092300451066/"
Monte-Carlo Real Estate,Rabat,"Bureau : 15 Avenue Al Abtal, N°4, Agdal Rabat | Biens (échantillon Mubawab) : Souissi, Hassan - Centre Ville",+212 6 61 46 40 37,,immomontecarlo@gmail.com,https://www.instagram.com/immomontecarlo/,https://www.immomonte-carlo.com/,"4,1/5 (45 avis, d'après bizniz.ma)",moyenne (~267 annonces actives sur Mubawab),"Villas de luxe Souissi, appartements ; clientèle expatriée",oui,https://www.mubawab.ma/fr/b/6242/monte-carlo-real-estate,"partenaire de l'association Rabat Accueil (clientèle expatriée) ; villas de luxe Souissi ; Vidéo : chaîne YouTube (1 vidéo, il y a ~5 ans) : usage vidéo très faible ; YouTube : https://www.youtube.com/channel/UCn-vEPc1wVkXo53C4T_tOEg"
Agence Immobilière Cobello,Rabat,"Bureau : Sis 47, Rue Oued Ziz, Appartement 7, 10000 Agdal-Riad Rabat",+212 6 61 25 24 60,,cobellosarl@yahoo.fr,,https://www.cobello.ma/,"4,3/5 (27 avis, d'après bizniz.ma)",moyenne (~79 annonces actives sur Mubawab),"Appartements et villas de standing, bureaux (Agdal, Hay Riad, Souissi)",oui,https://www.mubawab.ma/fr/b/5761/agence-immobili,"18+ ans ; Rabat, Casablanca, Salé ; fixe +212 537 77 93 34 ; e-mail publié sur Facebook ; Vidéo : vidéos Facebook de biens (Agdal) ; Facebook : https://www.facebook.com/agence.cobello/"
Hyatt Properties,Rabat,"Bureau : 15 avenue Al Abtal Rabat Agdal | Biens (échantillon Mubawab) : Souissi, Hassan - Centre Ville, Hay Al Fath",+212 6 62 68 19 50,,,,,,petite (~8 annonces actives sur Mubawab),"Prestige : appartements Marina Bouregreg, Souissi",inconnu,https://www.mubawab.ma/fr/b/14729/hyatt-properties,agence récente (annonce légale BO juillet 2026) ; appartements de prestige Marina Bouregreg / Souissi
Akkor Immobilier,Rabat,"Bureau : 37, Rue Jabal Tazaka (angle avenue de France) n°4, Agdal | Biens (échantillon Mubawab) : Souissi",+212 5 37 77 10 90,+212 661 15 81 50,,https://www.instagram.com/akkorimmo/,https://akkorimmo.com/,,petite (~51 annonces actives sur Mubawab),"Haut de gamme : vente, location, gestion (Agdal, Souissi)",inconnu,https://www.mubawab.ma/fr/b/6127/akkor-immobilier,"cabinet créé en 1990, Agdal ; vente/location/gestion haut de gamme ; Facebook : https://www.facebook.com/immobilierakkor/"
Premium Immobilier,Rabat,"Bureau : Angle av. Mohamed V et rue Bayt Lahm, imm. B 3ème étage, n° 8 Rabat | Biens (échantillon Mubawab) : El Youssoufia, Les Orangers, Souissi",+212 6 13 84 66 72 / +212 6 68 65 26 84,,,,,,moyenne (~64 annonces actives sur Mubawab),Haut de gamme : villas (3 annonces villas sur 3 relevées) + appartements,inconnu,https://www.mubawab.ma/fr/b/8961/premium-immobilier,terrains zone villa et appartements Souissi / Hay Riad
Novanest Realty (ex-Morocco Private Properties),Rabat,"Bureau : Hay Riad Business Center, Av Mohamed El Yazidi, secteur 12, bloc B3, Hay Riad | Biens (échantillon Mubawab) : Riyad, Souissi, Guich Oudaya",+212 6 64 99 10 20,,,,,,petite (~19 annonces actives sur Mubawab),Haut de gamme : villas (6 annonces villas sur 6 relevées) + appartements,inconnu,https://www.mubawab.ma/fr/b/7668/novanest-realty,créée en 2008 ; appartements de luxe et villas Hay Riad ; Facebook : https://www.facebook.com/mpprabat/
NRJ Immo,Rabat,"Bureau : AGDAL | Biens (échantillon Mubawab) : Riyad, Guich Oudaya, Souissi",+212 6 16 80 38 10,,,,,,petite (~36 annonces actives sur Mubawab),Haut de gamme : villas (4 annonces villas sur 4 relevées) + appartements,inconnu,https://www.mubawab.ma/fr/b/9060/nrj-immo,'résidences exceptionnelles' ; villas Riyad ~9 MDH
Chestertons Morocco,Rabat,"Bureau : Avenue Mohamed VI, KM 3,5, Essada 2, B8, Rabat | Biens (échantillon Mubawab) : Riyad, Souissi, Haut Agdal",+212 6 61 15 71 15 / +212 6 71 11 15 12,,contact@chestertons.ma,https://www.instagram.com/chestertons.morocco/,https://www.chestertons.ma/,,moyenne (~107 annonces actives sur Mubawab) ; franchise/réseau international,Haut de gamme / international : villas et appartements,oui,https://www.mubawab.ma/fr/b/7864/chestertons-morocco,"marque internationale Chestertons (réseau), Rabat/Marrakech/Casablanca ; Vidéo : reels Instagram de présentation ; Facebook : https://www.facebook.com/ChestertonsMorocco/"
Daoudi Home,Rabat,"Bureau : Agdal Rabat | Biens (échantillon Mubawab) : Souissi, Riyad",+212 6 96 60 74 06,,,https://www.instagram.com/daoudihome/,,,petite (~16 annonces actives sur Mubawab),Haut de gamme : villas (5 annonces villas sur 5 relevées) + appartements,oui,https://www.mubawab.ma/fr/b/14455/daoudi-home,"recherche activement des villas de prestige Souissi / Hay Riad / El Menzeh / Harhoura ; Vidéo : reels Instagram (Les Perles de l'Agdal, Hay Riad, 203 m² Agdal) ; Facebook : https://www.facebook.com/p/Daoudi-Home-61574492251482/"
Cabinet Immobilier et d'Affaires Belmahi,Rabat,"Bureau : 333 Avenue Mohamed V, 1er étage | Biens (échantillon Mubawab) : Souissi, Les Orangers",+212 6 60 69 12 91 / +212 6 64 05 75 54,,,https://www.instagram.com/cabinetimmobilierbelmahi/,,,petite (~10 annonces actives sur Mubawab),"Villas Souissi / El Menzeh, appartements Haut Agdal, terrains",oui,https://www.mubawab.ma/fr/b/13617/cabinet-immobilier-et-d-affaires-belmahi,"fondé en 1957 ; villas Souissi (13 MDH), El Menzeh, appartements Haut Agdal ; aussi des biens à Tanger ; Vidéo : vidéo Facebook de présentation + reels Instagram ; Facebook : https://www.facebook.com/CabinetImmobilierBelmahi/"
Zirari Immo,Rabat,"Bureau : Agdal - Rabat | Biens (échantillon Mubawab) : Souissi, Riyad, Hassan - Centre Ville",+212 6 13 77 57 73,,,,,,petite (~30 annonces actives sur Mubawab),Haut de gamme : villas (5 annonces villas sur 6 relevées) + appartements,inconnu,https://www.mubawab.ma/fr/b/7877/zirari-immo,Agdal ; achat-vente et gestion locative ; fiche Mubawab seule (pas de recherche web complémentaire)
Immo Milan,Tanger,"Bureau : Avenue Moulay Rachid lot Safir, immeuble n°28 rez-de-chaussée | Biens (échantillon Mubawab) : Jbel Kbir, Du Golf, Californie",+212 6 79 37 80 89,,contactmilan707@gmail.com,,https://immomilan.com/,,moyenne (~76 annonces actives sur Mubawab),Haut de gamme : villas (13 annonces villas sur 13 relevées) + appartements,inconnu,https://www.mubawab.ma/fr/b/6038/immo-milan,villas haut standing et terrains Jbel Kbir ; fixe 05 39 32 04 46 ; 2e GSM 06 66 75 57 27
Free Agency,Tanger,"Bureau : Cap Malabata | Biens (échantillon Mubawab) : Manar, Achakar, Mediouna",+212 6 93 45 32 18,,,https://www.instagram.com/freeagency.ma/,,,moyenne (~74 annonces actives sur Mubawab),Haut de gamme : villas (12 annonces villas sur 12 relevées) + appartements,inconnu,https://www.mubawab.ma/fr/b/8641/free-agency,Cap Malabata ; duplex et appartements de standing
MBI Investment,Tanger,"Bureau : Complexe Tanger Boulevard, bd Mohammed (face hôtel Flandria), bloc 2 local 1 | Biens (échantillon Mubawab) : Manar, Centre, Du Golf",+212 6 19 20 56 52 / +212 7 81 30 76 85,,contact@mbi-invest.com,https://www.instagram.com/mbi_investment_officiel/,https://mbi-invest.com/,,moyenne (~76 annonces actives sur Mubawab),"Haut de gamme : villas, palais, riads, appartements de qualité",oui,https://www.mubawab.ma/fr/b/4955/mbi-investment,"créée en 2013, spécialisée haut de gamme (villas Achakar/Jbilate, palais, riads) ; gérante membre du bureau de l'UPAIT ; GSM sur le site : +212 663 403 648 ; Vidéo : vidéo YouTube intégrée sur son site ; Facebook : https://www.facebook.com/mbiinvestofficiel/"
Immocorner (Immo Corner),Tanger,"Bureau : 35 Rue Al Kindy, Résidence les Lumières, 3e étage, bureau 37 | Biens (échantillon Mubawab) : Jbel Kbir, Californie, Malabata",+212 6 32 52 51 52,,info@immocorner.ma,https://www.instagram.com/immocorner.ma/,https://immocorner.ma/,,moyenne (~79 annonces actives sur Mubawab),Haut de gamme : villas (11 annonces villas sur 11 relevées) + appartements,oui,https://www.mubawab.ma/fr/b/7782/immo-corner,"15 ans de métier ; ~4 460 abonnés Instagram (vérifié) ; villas Malabata / Californie ; Tanger, Rabat, Tétouan ; Vidéo : Instagram : 9 des 12 derniers posts sont des vidéos (2023-2024) mais aucun post depuis avril 2025 ; Facebook : https://www.facebook.com/immocorner.ma/"
Castle Agency,Tanger,"Bureau : 5, Rue Ibn Okail, Immeuble Badr - Local 3 (Place des Nations) | Biens (échantillon Mubawab) : Manar, Du Golf, Drissia",+212 5 39 37 05 20 / +212 6 60 83 77 76,,,,https://castleagency.ma/,,moyenne (~250 annonces actives sur Mubawab),Haut de gamme : villas (10 annonces villas sur 10 relevées) + appartements,oui,https://www.mubawab.ma/fr/b/7519/castle-agency,fixe sur son site : +212 5 31 00 14 57 ; Vidéo : vidéo YouTube intégrée sur son site
BAK Services,Tanger,"Bureau : 5, Résidence Badr, Rue Ibn Okail, quartier administratif | Biens (échantillon Mubawab) : Centre, Achakar, Nzaha",+212 6 61 49 01 53,,,,,,petite (~39 annonces actives sur Mubawab),Haut de gamme : villas (9 annonces villas sur 10 relevées) + appartements,inconnu,https://www.mubawab.ma/fr/b/5981/bak-services,"fondée en 2007 ; duplex de luxe Iberia, maisons Charf"
NREA Invest,Tanger,"Bureau : Rue Carnot, Immeuble N° 23, 8e étage N° 2 (à côté de l'immeuble Atento) | Biens (échantillon Mubawab) : De La Plage, Moujahidine",+212 6 61 06 82 44,,info@nreainvest.com,https://www.instagram.com/nrea_invest/,https://www.nreainvest.com/,,moyenne (~76 annonces actives sur Mubawab),Haut de gamme : villas (9 annonces villas sur 10 relevées) + appartements,oui,https://www.mubawab.ma/fr/b/2965/nrea-invest,à Tanger depuis 2004 ; ~2 100 abonnés Instagram ; fixe +212 539 94 28 43 ; autre GSM +212 661 05 07 37 ; Vidéo : compte TikTok @nreainvest ; TikTok : https://www.tiktok.com/@nreainvest
At-Home Immobilier,Tanger,"Bureau : Av. Youssef Ibn Tachfine, Immeuble Ibn Batouta (Ibn Batouta Mall), 3e étage | Biens (échantillon Mubawab) : Jbel Kbir, De La Plage, Rmilat",+212 6 63 50 15 34 / +212 6 63 82 09 31,,contact@at-homeimmo.com,https://www.instagram.com/at_home_real_estate_agency/,https://at-homeimmo.com/,,petite (~44 annonces actives sur Mubawab),Haut de gamme : villas (5 annonces villas sur 7 relevées) + appartements,inconnu,https://www.mubawab.ma/fr/b/7859/at-home-immobilier-real-estate-agency,"adhérente de l'UPAIT (Union professionnelle des agences immobilières de Tanger), gérante membre du bureau de l'union ; 10+ ans"
Cap 21 Property,Tanger,"Bureau : Avenue Beethoven, résidence Accacias C B-n°11 | Biens (échantillon Mubawab) : Du Golf, Centre, Achakar",+212 6 63 63 98 74,,info@cap-property.com,https://www.instagram.com/cap21property/,https://www.cap-property.com/,,moyenne (~80 annonces actives sur Mubawab),Haut de gamme : villas (7 annonces villas sur 8 relevées) + appartements,oui,https://www.mubawab.ma/fr/b/8470/cap-21,depuis 2008 ; ~200 annonces (Domio) ; Vidéo : chaîne YouTube @cap21property : 4 vidéos (dernière il y a ~1 an) ; YouTube : https://www.youtube.com/@cap21property
Bayt Chamal,Tanger,"Bureau : Place Roudani, Rue Sena, Résidence Beethoven II, 3e étage N°82 | Biens (échantillon Mubawab) : Malabata, Achakar, Boukhalef",+212 6 69 80 46 66,,,https://www.instagram.com/bayt_chamal/,https://baytchamal.com/fr,,petite (~40 annonces actives sur Mubawab),Haut de gamme : villas (6 annonces villas sur 6 relevées) + appartements,oui,https://www.mubawab.ma/fr/b/4386/bayt-chamal,"biens de standing Tanger et environs (villas Californie, Malabata, Achakar) ; Vidéo : vidéos Facebook de biens (appartement Iberia) ; Facebook : https://www.facebook.com/baytchamal/"
1OF2 Real Estate,Tanger,"Bureau : 70 résidence Universal, rue de la Résistance, RDC magasin N4 | Biens (échantillon Mubawab) : Tanja Balia, Souani, Californie",+212 6 32 24 65 86,,,https://www.instagram.com/1of2realestate/,,,petite (~58 annonces actives sur Mubawab),Haut de gamme : villas (6 annonces villas sur 6 relevées) + appartements,oui,https://www.mubawab.ma/fr/b/14722/1of2-real-estate,clientèle internationale ; autre numéro en légende : +212 6 62 50 93 25 ; Vidéo : reels Instagram (ex. achat par non-résidents) ; Facebook : https://www.facebook.com/p/1-of-2-Real-Estate-61587706542058/
Kay Realestate,Tanger,"Bureau : Résidence Chahbae A1, Rue Beethoven 50 A N° 4 | Biens (échantillon Mubawab) : Manar, Jbel Kbir, Mister Khouch",+212 6 52 02 74 30 / +212 6 61 22 95 26,,info@kayrealestatetanger.com,https://www.instagram.com/kayreal_estate/,https://www.kayrealestatetanger.com/,,moyenne (~74 annonces actives sur Mubawab),Haut de gamme : villas (4 annonces villas sur 5 relevées) + appartements,oui,https://www.mubawab.ma/fr/b/9027/kay-realestate,Vidéo : vidéos Facebook + reels Instagram ; Facebook : https://www.facebook.com/KayRealEstate.Tanger/ ; TikTok : https://www.tiktok.com/@kay.realestate
Hercules Real Estate,Tanger,"Bureau : Perla Oficinas, angle rue Oujda et Tantan, 9e étage n°45 | Biens (échantillon Mubawab) : Jbel Kbir, Malabata, Sania",+212 6 66 95 51 79,+212 666 41 71 67,contact@hercules.ma,https://www.instagram.com/hercules.real.estate/,https://herculesrealestate.ma/,,petite (~37 annonces actives sur Mubawab),"Premium : programmes neufs vue mer (Perla, Malabata), investissement",oui,https://www.mubawab.ma/fr/b/11657/hercules-real-state,"positionnement 'ultra premium', programmes neufs Malabata / Moujahidine ; Vidéo : reels Instagram (appartement témoin résidence Perla, vue mer) ; Facebook : https://www.facebook.com/61576606963018/"
Young Associates Maroc,Tanger,"Bureau : Résidence Majd, 32 rue Assad Ibn al Farrat",+212 5 39 33 20 95 / +212 6 13 35 70 19,,info@ya-maroc.com,https://www.instagram.com/youngassociatesmaroc/,https://www.ya-maroc.com/fr/,,petite (~21 annonces actives sur Mubawab),"Maisons, villas, riads, terrains ; clientèle internationale",inconnu,https://www.mubawab.ma/fr/b/5145/young-associates-maroc,~80 biens sur le site ; Facebook : https://www.facebook.com/YoungAssociatesInternational/
Tanger Estates,Tanger,"Bureau : quartier Al Hassania, rue Al Irak N°7 | Biens (échantillon Mubawab) : Achakar, Mediouna",+212 6 62 11 68 86,+212 606 06 62 14,contact@tangerestates.com,https://www.instagram.com/tangerestates/,https://tangerestates.com/,,petite (~57 annonces actives sur Mubawab),Haut de gamme : villas (3 annonces villas sur 3 relevées) + appartements,oui,https://www.mubawab.ma/fr/b/6342/tanger-estates,"~8 450 abonnés Instagram ; ex-CAM Immobilier ; site en néerlandais (clientèle MRE Benelux) ; autre numéro : +212 808 514 389 ; Vidéo : chaîne YouTube @tangerestates : 49 vidéos, 4 k abonnés (dernière il y a ~1 an) + TikTok + reels ; Facebook : https://www.facebook.com/Tangerestatespro/ ; YouTube : https://www.youtube.com/@tangerestates ; TikTok : https://www.tiktok.com/@tangerestates"
Belma Immobilier,Tanger,"Bureau : Av Mohammed 6, Rue El Porto (à côté de l'hôtel Kenzi Solazur), Imm Zohor 1, 1er étage, Apt N°31 | Biens (échantillon Mubawab) : Cap Spartel, Rmilat, Jbel Kbir",+212 6 60 12 92 92 / +212 8 08 50 37 81,,,https://www.instagram.com/belmaimmobiliertanger/,https://belmaimmobilier.com/,,moyenne (~76 annonces actives sur Mubawab),Haut de gamme : villas (3 annonces villas sur 3 relevées) + appartements,oui,https://www.mubawab.ma/fr/b/8366/belma-immobilier,"~200 annonces Avito ; appartements de standing (Coral Tower), villas Boubana ; clientèle en mission/expatriée ; Vidéo : reels Instagram (appartements vue mer Malabata) ; Facebook : https://www.facebook.com/Belma.immobilier/"
Properta & Co,Tanger,"Biens (échantillon Mubawab) : Sania, Manar, Ziaten",+212 6 78 11 57 00,+212 678 11 57 00,,https://www.instagram.com/propertaandco/,https://propertaandco.com/,,petite (~17 annonces actives sur Mubawab),Luxe : locations et ventes haut de gamme,oui,https://www.mubawab.ma/fr/b/10342/properta-co,'Luxury Real Estate Tangier' ; ~9 800 abonnés Instagram ; Vidéo : vidéos TikTok (locations haut de gamme) + reels Instagram ; TikTok : https://www.tiktok.com/@propertaandco
Private Estate,Tanger,"Bureau : Rue Ibn Toumart (en face de l'école Berchet), résidence les Lumières, 1er étage, bureau N°17 | Biens (échantillon Mubawab) : Jbel Kbir",+212 6 69 74 46 62,,,,,,petite (~51 annonces actives sur Mubawab),Haut de gamme : villas (3 annonces villas sur 3 relevées) + appartements,inconnu,https://www.mubawab.ma/fr/b/5004/private-estate,"présence en ligne limitée (MarocImmo, Petit Futé)"
Villart-Immo,Tanger,"Bureau : Résidence Al Ors (Atento), 23 rue Carnot, 4e étage, bureau n°4 | Biens (échantillon Mubawab) : Bella Vista, Charf, Drissia",+212 6 60 73 50 23 / +212 6 65 95 50 60,,info@villart-immo.com,https://www.instagram.com/villartimmo/,https://immobilier-maroc-villart.com/,,petite (~21 annonces actives sur Mubawab),Haut de gamme : villas (3 annonces villas sur 3 relevées) + appartements,oui,https://www.mubawab.ma/fr/b/2650/villart-immo,agence française créée en 2008 ; fixe 05 39 34 20 83 ; Vidéo : chaîne YouTube quasi inactive (1 abonné) ; YouTube : https://www.youtube.com/channel/UCN5anLaoT3ZvBoE2XWHpJNQ
Agence Kira Immo Tanger,Tanger,"Bureau : place de la Ligue arabe, rue de Tétouan, Nadia Building, 7e étage | Biens (échantillon Mubawab) : Achakar, Moujahidine",+212 6 62 87 76 13,,,https://www.instagram.com/kira.immo/,,,moyenne (~76 annonces actives sur Mubawab),Haut de gamme : villas (3 annonces villas sur 3 relevées) + appartements,oui,https://www.mubawab.ma/fr/b/8028/agence-kira-immo-tanger,locations courte/longue durée et ventes ; Vidéo : reels Instagram (appartement de luxe 3 chambres) ; Facebook : https://www.facebook.com/kira.immo/
Acces Immo Tanger,Tanger,"Bureau : Malabata, Av Mohammed 6, Complexe Alia C, RDC n°7 | Biens (échantillon Mubawab) : Du Golf",+212 5 39 30 12 86 / +212 6 53 63 33 33,+212 661 37 30 65,info@accesimmotanger.com,https://www.instagram.com/agence.accesimmotanger/,https://accesimmotanger.com/,,petite (~51 annonces actives sur Mubawab),"Locations et ventes, Malabata / corniche",oui,https://www.mubawab.ma/fr/b/2324/acces-immotanger,"10+ ans ; Malabata, complexe Alia ; Vidéo : reels Instagram + chaîne YouTube (7 vidéos, dernière il y a ~4 ans) ; Facebook : https://www.facebook.com/agence.accesimmotanger/ ; YouTube : https://www.youtube.com/@accesimmotanger949"
Terre et Mer Immobilier,Tanger,"Bureau : Résidence Tasnim Plaza, 9e étage, angle av. Abdellah Guennoun / Abi Jarir Tabari | Biens (échantillon Mubawab) : Malabata, Branes 2",+212 6 63 75 44 01,,,https://www.instagram.com/terreetmerimmo.tanger/,https://immobilier.terreetmermaroc.com/,,moyenne (~103 annonces actives sur Mubawab),"Programmes neufs et résidentiel, clientèle internationale",oui,https://www.mubawab.ma/fr/b/13390/terre-et-mer-immobilier,partenaire Le Figaro Properties ; clientèle internationale (FR/ES/NL) ; autres numéros sur le site : +212 6 95 45 27 94 / +33 6 95 45 27 94 ; Vidéo : reels Instagram multilingues promouvant ses programmes (collaborations créateurs) ; TikTok : https://www.tiktok.com/@terreetmermaroc_
IMA Real Estate,Tanger,"Biens (échantillon Mubawab) : Charf, Malabata",+212 6 61 29 65 62 / +212 6 66 85 87 52,+212 666 646 095,,https://www.instagram.com/ima_real_estate/,https://imarealestate.ma/,,petite (~45 annonces actives sur Mubawab),"Vente, location, location saisonnière (Tanger + Casablanca)",oui,https://www.mubawab.ma/fr/b/7939/ima-real-estate,Tanger + Casablanca ; gestion locative ; Vidéo : reels Facebook et Instagram ; Facebook : https://www.facebook.com/p/IMA-Real-Estate-100063746394903/
Check In Agency,Tanger,"Bureau : Torre de las Palmas, Hay Najiba rue 88 N°11, 8e étage N°40",+212 6 17 66 56 10 / +212 6 45 02 34 20,,,,,,petite (~24 annonces actives sur Mubawab),Location meublée / saisonnière (appartements de standing),oui,https://www.mubawab.ma/fr/b/9480/check-in-agency,location meublée / saisonnière ; site non confirmé (checkinagency.com non relié avec certitude) ; Vidéo : reels Instagram d'appartements à louer
Golden Empire,Tanger,"Bureau : Avenue Mohamed VI, Iris Plage 22 | Biens (échantillon Mubawab) : Jbel Kbir, De La Plage, Centre",+212 6 62 78 80 18,,goldenempire019@gmail.com,https://www.instagram.com/goldennempire/,https://goldenempire.ma/,,petite (~10 annonces actives sur Mubawab),Appartements et penthouses de standing (Malabata),oui,https://www.mubawab.ma/fr/b/10648/golden-empire,recrute des agents (offre BeBee) ; Vidéo : reel Instagram 'Penthouse de luxe à Malabata' ; Facebook : https://www.facebook.com/p/Golden-Empire-100057418361399/
Simply Home Tanger,Tanger,"Bureau : Avenue Marrakech, Résidence Majorelle Bennis, Block D, RDC N 76 | Biens (échantillon Mubawab) : Achakar, Malabata, Tanja Balia",+212 6 97 77 77 02,+212 660 84 22 44,,https://www.instagram.com/simplyhometanger/,https://simplyhome.ma/,,moyenne (~80 annonces actives sur Mubawab),"Location longue durée, bureaux, moyen standing",oui,https://www.mubawab.ma/fr/b/11877/simply-home-tanger,un reel affiche le même WhatsApp que Properta & Co (+212 678 11 57 00) : probablement lié ; Vidéo : reels Instagram (locations longue durée)
MDK Immobilier,Tanger,"Bureau : Malabata | Biens (échantillon Mubawab) : Malabata, Rmilat, Achakar",+212 6 63 73 74 94,,,https://www.instagram.com/mdk.immo/,,,moyenne (~71 annonces actives sur Mubawab),Haut de gamme : villas (3 annonces villas sur 3 relevées) + appartements,oui,https://www.mubawab.ma/fr/b/8785/mdk-immobilier,"agence & conciergerie ; Malabata (locations longue durée, plateaux bureaux) ; Vidéo : vidéos Facebook / reels Instagram (mai 2026) ; Facebook : https://www.facebook.com/MDKImmobilier/"
RE/MAX City Tanger,Tanger,"Bureau : Iris Plage, Boulevard Mohammed VI bloc B1, N°8 | Biens (échantillon Mubawab) : Californie, Achakar, Sania",+212 5 39 30 17 45 / +212 6 63 50 57 82,,city.tanger@remax.ma,https://www.instagram.com/re.max.tangier/,https://remax.ma/agence/remax-city-tanger-26100,,moyenne (~130 annonces actives sur Mubawab) ; franchise/réseau international,Haut de gamme : villas (13 annonces villas sur 13 relevées) + appartements,inconnu,https://www.mubawab.ma/fr/b/5391/remax-city-tanger,franchise RE/MAX ; Facebook : https://www.facebook.com/www.remax.ma/
Century 21 Tanger,Tanger,"Bureau : Av Louis Van Beethoven, Rue Iraq N41 | Biens (échantillon Mubawab) : Star Hill, Route Nationale Assilah (N1), Californie",+212 6 32 24 24 24 / +212 8 08 65 18 80,,,https://www.instagram.com/century21tanger/,https://www.century21tanger.com/,,petite (~21 annonces actives sur Mubawab) ; franchise/réseau international,Haut de gamme : villas (3 annonces villas sur 3 relevées) + appartements,oui,https://www.mubawab.ma/fr/b/8823/century-21-tanger,"franchise Century 21 ; Vidéo : reels Instagram (duplex, appartements) ; Facebook : https://www.facebook.com/century21tanger/"
Darcom Maroc,Tanger,"Biens (échantillon Mubawab) : Manar, Centre, Sania",+212 6 60 25 02 07,,,,https://darcommaroc.com/,,petite (~36 annonces actives sur Mubawab),"Appartements moyen-haut standing (Moujahidine, centre)",inconnu,https://www.mubawab.ma/fr/b/9404/darcom-maroc,agence en ligne ; Facebook : https://www.facebook.com/p/Darcom-Maroc-61554804518130/
Maxula.ma (Maxula House),Tanger,"Bureau : Avenue Beethoven, résidence Oumnia 1, bureau 83 (Nejma) | Biens (échantillon Mubawab) : Achakar",+212 6 62 06 98 14,,contact@maxula.ma,https://www.instagram.com/maxula.ma/,https://www.maxula.ma/,,petite (~8 annonces actives sur Mubawab),"Résidentiel, terrains et locaux commerciaux",oui,https://www.mubawab.ma/fr/b/14591/maxula-ma,"à Tanger depuis 2013, équipe multiculturelle (suisse, française) ; fixe 05 39 34 24 94 ; Vidéo : reels Instagram + compte TikTok ; TikTok : https://www.tiktok.com/@maxula.ma"
R7IMMO,Tanger,"Bureau : Résidence Yamna 2 N°26, rue de la Jordanie | Biens (échantillon Mubawab) : Malabata",+212 6 68 69 03 52,,,,,,petite (~16 annonces actives sur Mubawab),"Haut de gamme (déclaré), Malabata",inconnu,https://www.mubawab.ma/fr/b/13361/r7immo,se dit spécialisée haut de gamme ; fiche Mubawab seule (pas de recherche web complémentaire)
